# module,CHR,POS
mod_liver,11,33317810
mod_liver,11,33326726
mod_liver,11,33326685
mod_cocoa,23,43969695
mod_dilute,25,48121642
mod_dilute,25,48150787
mod_red_intensity,2,74746906
mod_red_intensity,15,29840789
mod_red_intensity,18,12910382
mod_red_intensity,20,55850145
mod_red_intensity,21,10864834
mod_sable,24,23393510
mod_sable,24,23393514
mod_tan_points,24,23365205
mod_rec_black,24,23393552
mod_mask,5,63694460
mod_grizzle,5,63695017
mod_domino,5,63694349
mod_rec_red,5,63694334
mod_rec_red,5,63695679
mod_dom_black,16,58965448
mod_brindle,16,58999689
mod_brindle,16,58999678
mod_ticking,38,11165134
mod_harlequin,9,58530295
mod_curly_coat,27,2539211
mod_curly_coat,27,2543231
mod_coat_length,32,4509367
mod_furnishings,13,8491477
Shedding,1,24430748
AltitudeAdaptation,10,48626862
AltitudeAdaptation,10,48630137
AltitudeAdaptation,10,48630153
AltitudeAdaptation,10,48633379
mod_short_legs,18,20423056
BobTail,1,54192143
